transcript_id,gene_id,n_codons,cds_start,cds_end,sum_avg_count,sum_avg_count_norm,cv5_test_fold
ENST00000000233.10,ENSG00000004059,181,88,631,551.0,1.0147,3
ENST00000001008.6,ENSG00000004478,460,170,1550,1488.5,1.0786,5
ENST00000007516.8,ENSG00000004779,157,26,497,654.0,1.3885,5
ENST00000013034.3,ENSG00000239672,178,209,743,1133.5,2.1227,2
ENST00000025399.10,ENSG00000023734,364,314,1406,823.5,0.7541,5
ENST00000037243.7,ENSG00000034713,118,108,462,375.5,1.0607,5
ENST00000044462.12,ENSG00000041357,262,119,905,1795.5,2.2844,3
ENST00000055077.8,ENSG00000049541,355,16,1081,538.0,0.5052,5
ENST00000157812.7,ENSG00000013275,419,38,1295,707.0,0.5625,5
ENST00000175091.5,ENSG00000068697,234,108,810,602.5,0.8583,4
ENST00000177742.7,ENSG00000074071,226,31,709,748.0,1.1032,4
ENST00000184266.3,ENSG00000065518,130,24,414,752.5,1.9295,1
ENST00000199706.13,ENSG00000086504,257,47,818,627.0,0.8132,2
ENST00000203407.6,ENSG00000010256,481,26,1469,1039.5,0.7204,3
ENST00000203630.10,ENSG00000089693,249,231,978,709.5,0.9498,1
ENST00000205402.10,ENSG00000091140,510,68,1598,936.0,0.6118,5
ENST00000209875.9,ENSG00000094916,192,157,733,474.0,0.8229,5
ENST00000215375.7,ENSG00000099624,169,100,607,627.0,1.2367,5
ENST00000215565.3,ENSG00000099795,138,66,480,429.5,1.0374,3
ENST00000215570.8,ENSG00000099800,96,53,341,551.5,1.9149,1
ENST00000215754.8,ENSG00000240972,116,92,440,463.0,1.3305,2
ENST00000215829.8,ENSG00000100028,127,91,472,1343.0,3.5249,1
ENST00000216034.6,ENSG00000100216,143,22,451,281.0,0.655,2
ENST00000216121.12,ENSG00000184117,285,31,886,615.5,0.7199,2
ENST00000216122.9,ENSG00000100297,735,77,2282,1242.5,0.5635,5
ENST00000216146.9,ENSG00000100316,404,26,1238,1628.5,1.3436,4
ENST00000216190.13,ENSG00000100353,549,101,1748,1143.0,0.694,2
ENST00000216218.8,ENSG00000100380,370,99,1209,1023.0,0.9216,3
ENST00000216225.9,ENSG00000100387,109,21,348,496.5,1.5183,5
ENST00000216252.4,ENSG00000100410,111,39,372,199.0,0.5976,5
ENST00000216297.7,ENSG00000092201,1048,92,3236,1655.0,0.5264,1
ENST00000216330.7,ENSG00000100442,225,411,1086,732.0,1.0844,5
ENST00000216455.9,ENSG00000100567,256,78,846,763.0,0.9935,3
ENST00000216479.8,ENSG00000100591,339,97,1114,620.5,0.6101,4
ENST00000216727.9,ENSG00000100836,307,13,934,517.0,0.5613,1
ENST00000217426.7,ENSG00000101444,433,85,1384,1206.5,0.9288,3
ENST00000217971.8,ENSG00000101856,196,79,667,1389.5,2.3631,3
ENST00000218388.9,ENSG00000102265,208,47,671,448.0,0.7179,4
ENST00000218439.8,ENSG00000102316,607,125,1946,970.0,0.5327,2
ENST00000219302.8,ENSG00000103024,170,9,519,284.5,0.5578,4
ENST00000221486.6,ENSG00000104889,300,90,990,717.5,0.7972,3
ENST00000221801.8,ENSG00000105202,322,79,1045,1581.5,1.6372,1
ENST00000221859.9,ENSG00000105258,126,19,397,250.0,0.6614,2
ENST00000222005.7,ENSG00000105401,379,63,1200,628.0,0.5523,1
ENST00000222008.11,ENSG00000105404,186,29,587,535.0,0.9588,3
ENST00000222247.10,ENSG00000105640,177,47,578,1606.0,3.0245,4
ENST00000222266.2,ENSG00000205155,102,140,446,251.5,0.8219,5
ENST00000222969.10,ENSG00000106245,145,442,877,232.0,0.5333,3
ENST00000223129.8,ENSG00000106399,122,1172,1538,473.5,1.2937,3
ENST00000223321.9,ENSG00000106588,235,16,721,884.5,1.2546,5
ENST00000223500.9,ENSG00000086065,220,30,690,416.5,0.6311,3
ENST00000223641.5,ENSG00000106803,97,82,373,189.0,0.6495,5
ENST00000224073.6,ENSG00000107223,149,50,497,481.0,1.0761,3
ENST00000224237.9,ENSG00000026025,467,145,1546,701.0,0.5004,2
ENST00000225174.8,ENSG00000108179,208,80,704,619.0,0.992,2
ENST00000225603.9,ENSG00000108468,186,248,806,293.5,0.526,1
ENST00000225655.6,ENSG00000108518,141,136,559,1784.5,4.2187,2
ENST00000225698.8,ENSG00000108561,283,82,931,2338.5,2.7544,2
ENST00000225792.10,ENSG00000108654,615,170,2015,1759.0,0.9534,1
ENST00000225972.8,ENSG00000108829,308,206,1130,486.0,0.526,2
ENST00000227378.7,ENSG00000109971,647,8,1949,1626.5,0.838,2
ENST00000228136.9,ENSG00000110696,184,132,684,630.0,1.1413,2
ENST00000228251.9,ENSG00000060138,373,212,1331,1148.0,1.0259,1
ENST00000228306.8,ENSG00000089157,318,237,1191,653.5,0.685,5
ENST00000228318.8,ENSG00000075415,363,59,1148,1285.5,1.1804,3
ENST00000229238.5,ENSG00000111639,129,126,513,379.5,0.9806,3
ENST00000229239.10,ENSG00000111640,336,76,1084,2718.5,2.6969,1
ENST00000229270.8,ENSG00000111669,287,337,1198,1821.0,2.115,1
ENST00000229277.6,ENSG00000111674,435,92,1397,833.0,0.6383,5
ENST00000229281.6,ENSG00000111678,127,100,481,244.0,0.6404,2
ENST00000229379.3,ENSG00000111775,110,14,344,1468.0,4.4485,2
ENST00000229390.8,ENSG00000111786,222,139,805,640.5,0.9617,5
ENST00000229563.6,ENSG00000111843,113,216,555,355.0,1.0472,3
ENST00000230050.4,ENSG00000112306,133,82,481,538.5,1.3496,5
ENST00000230056.8,ENSG00000112312,210,333,963,558.5,0.8865,1
ENST00000230431.11,ENSG00000112667,175,25,550,654.5,1.2467,1
ENST00000232424.4,ENSG00000114315,281,233,1076,504.0,0.5979,1
ENST00000232905.4,ENSG00000114784,114,235,577,214.5,0.6272,5
ENST00000233025.11,ENSG00000114902,170,205,715,475.5,0.9324,4
ENST00000233084.8,ENSG00000079785,741,66,2289,1153.5,0.5189,3
ENST00000233143.6,ENSG00000034510,45,78,213,848.0,6.2815,5
ENST00000233468.5,ENSG00000115128,126,97,475,770.0,2.037,3
ENST00000233813.5,ENSG00000115461,273,774,1593,670.5,0.8187,4
ENST00000233893.10,ENSG00000115541,103,58,367,1070.0,3.4628,4
ENST00000234091.8,ENSG00000115738,135,860,1265,1482.5,3.6605,5
ENST00000234301.3,ENSG00000115944,115,56,401,190.5,0.5522,5
ENST00000234590.10,ENSG00000074800,435,116,1421,12691.5,9.7253,4
ENST00000234875.9,ENSG00000116251,129,22,409,213.0,0.5504,3
ENST00000236957.9,ENSG00000114942,226,121,799,799.5,1.1792,4
ENST00000236959.14,ENSG00000138363,593,84,1863,1041.0,0.5852,4
ENST00000237500.10,ENSG00000118680,173,120,639,356.0,0.6859,1
ENST00000237889.9,ENSG00000119013,99,61,358,437.5,1.4731,1
ENST00000238081.8,ENSG00000134308,246,139,877,1245.0,1.687,5
ENST00000240922.8,ENSG00000121579,170,300,810,473.0,0.9275,4
ENST00000242285.11,ENSG00000122705,249,136,883,443.5,0.5937,4
ENST00000242576.7,ENSG00000076248,314,83,1025,482.0,0.5117,4
ENST00000242577.11,ENSG00000088986,90,110,380,794.5,2.9426,5
ENST00000242784.5,ENSG00000123144,177,27,558,405.0,0.7627,4
ENST00000243563.8,ENSG00000077312,283,206,1055,774.0,0.9117,4
ENST00000243997.8,ENSG00000124172,52,84,240,693.5,4.4455,3
ENST00000244534.7,ENSG00000124575,222,54,720,1432.0,2.1502,1
ENST00000245206.10,ENSG00000125166,431,88,1381,943.0,0.7293,3
ENST00000245816.11,ENSG00000125656,278,44,878,484.0,0.5803,4
ENST00000246071.8,ENSG00000125870,226,174,852,442.0,0.6519,3
ENST00000246548.9,ENSG00000126261,641,52,1975,1554.0,0.8081,2
ENST00000246747.9,ENSG00000213465,185,48,603,537.0,0.9676,1
ENST00000246957.10,ENSG00000126602,705,16,2131,1568.0,0.7414,2
ENST00000247655.4,ENSG00000127184,64,115,307,449.0,2.3385,3
ENST00000247866.9,ENSG00000090266,106,37,355,342.5,1.077,1
ENST00000247970.9,ENSG00000127445,164,27,519,283.5,0.5762,3
ENST00000248342.9,ENSG00000178982,219,81,738,598.5,0.911,4
ENST00000249299.7,ENSG00000128534,97,60,351,192.0,0.6598,4
ENST00000250101.10,ENSG00000129235,124,23,395,240.0,0.6452,3
ENST00000250495.10,ENSG00000129559,82,100,346,224.0,0.9106,5
ENST00000250498.9,ENSG00000129562,114,67,409,512.5,1.4985,4
ENST00000250559.14,ENSG00000127314,185,171,726,306.5,0.5523,4
ENST00000252102.9,ENSG00000131495,100,47,347,315.5,1.0517,5
ENST00000252622.15,ENSG00000130332,104,20,332,374.0,1.1987,1
ENST00000252934.10,ENSG00000130638,476,230,1658,1183.5,0.8288,1
ENST00000253023.8,ENSG00000130725,184,230,782,719.0,1.3025,4
ENST00000253024.10,ENSG00000130726,836,694,3202,3046.5,1.2147,4
ENST00000253039.9,ENSG00000130741,473,13,1432,2063.0,1.4538,1
ENST00000253108.9,ENSG00000130811,321,40,1003,826.5,0.8583,3
ENST00000253413.10,ENSG00000131100,227,114,795,557.0,0.8179,4
ENST00000253452.8,ENSG00000131143,170,59,569,1087.0,2.1314,5
ENST00000253462.8,ENSG00000131153,186,56,614,300.0,0.5376,2
ENST00000253788.12,ENSG00000131469,137,55,466,1427.0,3.472,5
ENST00000253794.7,ENSG00000131475,177,27,558,309.0,0.5819,2
ENST00000253814.6,ENSG00000131507,222,196,862,405.5,0.6089,5
ENST00000254193.11,ENSG00000131876,256,70,838,804.0,1.0469,4
ENST00000254810.8,ENSG00000132475,137,133,544,1204.5,2.9307,4
ENST00000256383.11,ENSG00000134001,316,130,1078,545.0,0.5749,4
ENST00000256442.10,ENSG00000134057,434,113,1415,1567.5,1.2039,2
ENST00000256682.9,ENSG00000134287,182,271,817,335.5,0.6145,4
ENST00000256689.10,ENSG00000134294,507,351,1872,1436.5,0.9444,1
ENST00000256854.10,ENSG00000134440,549,119,1766,1081.0,0.6563,3
ENST00000257245.9,ENSG00000134809,91,142,415,200.0,0.7326,4
ENST00000257787.6,ENSG00000135334,204,549,1161,347.5,0.5678,2
ENST00000257857.9,ENSG00000135404,239,68,785,513.5,0.7162,5
ENST00000257904.11,ENSG00000135446,304,155,1067,670.5,0.7352,5
ENST00000258091.10,ENSG00000135624,544,71,1703,3241.0,1.9859,3
ENST00000258424.3,ENSG00000135940,130,25,415,1477.5,3.7885,5
ENST00000258739.9,ENSG00000136240,213,95,734,589.0,0.9218,2
ENST00000259037.8,ENSG00000136521,190,22,592,300.5,0.5272,3
ENST00000259457.8,ENSG00000136930,278,17,851,776.5,0.9311,1
ENST00000259873.5,ENSG00000204568,259,26,803,525.0,0.6757,2
ENST00000260379.11,ENSG00000137818,115,131,476,553.5,1.6043,1
ENST00000260956.9,ENSG00000138385,409,115,1342,1398.5,1.1398,5
ENST00000261313.3,ENSG00000089220,188,86,650,944.0,1.6738,3
ENST00000261332.11,ENSG00000172466,369,144,1251,586.0,0.5294,3
ENST00000261366.10,ENSG00000113368,587,373,2134,1234.0,0.7007,5
ENST00000261427.10,ENSG00000078140,201,192,795,327.0,0.5423,4
ENST00000261497.9,ENSG00000124422,526,176,1754,952.0,0.6033,4
ENST00000261593.8,ENSG00000134758,246,439,1177,462.5,0.6267,2
ENST00000261700.8,ENSG00000087302,245,94,829,526.0,0.7156,3
ENST00000261735.4,ENSG00000089248,262,40,826,587.5,0.7475,1
ENST00000261811.6,ENSG00000120306,98,118,412,227.0,0.7721,5
ENST00000261890.7,ENSG00000103769,217,95,746,781.0,1.1997,3
ENST00000262027.10,ENSG00000166986,901,23,2726,1468.5,0.5433,2
ENST00000262030.8,ENSG00000110955,530,21,1611,5394.0,3.3925,2
ENST00000262177.9,ENSG00000105993,327,167,1148,491.0,0.5005,1
ENST00000262193.7,ENSG00000008018,242,65,791,1546.5,2.1302,1
ENST00000262225.8,ENSG00000086598,202,85,691,339.0,0.5594,3
ENST00000262306.11,ENSG00000103363,162,38,524,851.0,1.751,3
ENST00000262584.7,ENSG00000161016,258,233,1007,4918.0,6.354,1
ENST00000262746.5,ENSG00000117450,200,341,941,1911.0,3.185,4
ENST00000262776.8,ENSG00000108679,586,123,1881,990.0,0.5631,4
ENST00000262982.3,ENSG00000124207,972,123,3039,2222.0,0.762,4
ENST00000263168.4,ENSG00000116489,287,13,874,694.5,0.8066,4
ENST00000263238.7,ENSG00000115091,419,191,1448,713.5,0.5676,2
ENST00000263382.8,ENSG00000105011,203,133,742,305.0,0.5008,2
ENST00000263574.9,ENSG00000084234,764,72,2364,1499.0,0.654,4
ENST00000263694.9,ENSG00000060688,358,37,1111,576.0,0.5363,3
ENST00000263697.6,ENSG00000126698,254,31,793,581.0,0.7625,2
ENST00000264108.5,ENSG00000128708,420,40,1300,797.5,0.6329,3
ENST00000264156.3,ENSG00000076003,822,78,2544,1525.5,0.6186,1
ENST00000264312.12,ENSG00000109180,246,167,905,601.0,0.8144,3
ENST00000264335.13,ENSG00000108953,256,112,880,1452.0,1.8906,5
ENST00000264552.14,ENSG00000108106,223,199,868,975.5,1.4581,2
ENST00000264710.5,ENSG00000084733,201,525,1128,325.5,0.5398,4
ENST00000265056.12,ENSG00000073111,905,56,2771,2033.5,0.749,4
ENST00000265073.9,ENSG00000113387,128,70,454,533.0,1.388,1
ENST00000265087.9,ENSG00000113739,303,221,1130,908.0,0.9989,4
ENST00000265192.9,ENSG00000120727,128,153,537,323.5,0.8424,3
ENST00000265304.11,ENSG00000106028,149,96,543,1203.5,2.6924,1
ENST00000265333.8,ENSG00000213585,284,87,939,996.5,1.1696,1
ENST00000265462.9,ENSG00000126432,215,95,740,448.5,0.6953,4
ENST00000265643.4,ENSG00000069482,124,189,561,198.0,0.5323,2
ENST00000265729.7,ENSG00000075142,199,12,609,339.5,0.5687,2
ENST00000265753.13,ENSG00000106682,249,28,775,666.5,0.8922,1
ENST00000265866.12,ENSG00000096746,347,176,1217,831.0,0.7983,2
ENST00000266544.10,ENSG00000139180,378,13,1147,685.5,0.6045,4
ENST00000267884.11,ENSG00000140319,137,65,476,760.0,1.8491,1
ENST00000267970.9,ENSG00000140391,254,155,917,1084.5,1.4232,4
ENST00000268379.9,ENSG00000140740,454,63,1425,980.0,0.7195,4
ENST00000268668.11,ENSG00000140990,173,87,606,1070.0,2.0617,3
ENST00000269518.9,ENSG00000141682,137,162,573,484.5,1.1788,4
ENST00000270142.11,ENSG00000142168,155,77,542,1394.0,2.9978,2
ENST00000270225.12,ENSG00000142230,347,96,1137,834.5,0.8016,1
ENST00000270586.8,ENSG00000142507,240,31,751,762.0,1.0583,3
ENST00000270625.7,ENSG00000142534,159,23,500,2505.0,5.2516,4
ENST00000270776.13,ENSG00000142657,484,54,1506,835.5,0.5754,5
ENST00000271308.9,ENSG00000143106,242,118,844,637.0,0.8774,4
ENST00000271638.3,ENSG00000163191,106,89,407,632.0,1.9874,5
ENST00000271843.9,ENSG00000143543,147,422,863,225.0,0.5102,2
ENST00000272065.10,ENSG00000143727,159,18,495,309.5,0.6488,2
ENST00000272102.10,ENSG00000143761,182,95,641,1987.5,3.6401,2
ENST00000272163.9,ENSG00000143815,616,99,1947,1150.5,0.6226,3
ENST00000273223.10,ENSG00000144713,154,58,520,393.0,0.8506,2
ENST00000273258.4,ENSG00000144746,189,111,678,463.0,0.8166,3
ENST00000273968.5,ENSG00000145337,115,76,421,208.0,0.6029,5
ENST00000274026.10,ENSG00000145386,433,255,1554,652.5,0.5023,1
ENST00000274065.9,ENSG00000145425,265,25,820,1145.5,1.4409,3
ENST00000274242.10,ENSG00000145592,98,37,331,297.0,1.0102,3
ENST00000274606.8,ENSG00000145912,154,68,530,639.0,1.3831,2
ENST00000274787.3,ENSG00000146066,107,69,390,194.5,0.6059,1
ENST00000275603.9,ENSG00000146731,532,84,1680,901.5,0.5648,5
ENST00000276682.8,ENSG00000147677,367,767,1868,647.0,0.5876,5
ENST00000276689.8,ENSG00000147684,180,64,604,684.5,1.2676,4
ENST00000276925.7,ENSG00000147883,139,352,769,233.5,0.56,5
ENST00000277010.9,ENSG00000147955,224,90,762,558.0,0.8304,2
ENST00000278412.7,ENSG00000149136,710,282,2412,1360.5,0.6387,1
ENST00000278572.10,ENSG00000149273,260,18,798,2407.5,3.0865,3
ENST00000278618.9,ENSG00000149313,310,49,979,573.5,0.6167,3
ENST00000279387.12,ENSG00000149923,308,164,1088,667.5,0.7224,5
ENST00000280154.12,ENSG00000150593,470,153,1563,1026.0,0.7277,5
ENST00000280326.9,ENSG00000150753,542,61,1687,2533.0,1.5578,1
ENST00000281031.5,ENSG00000151366,120,118,478,666.5,1.8514,5
ENST00000281141.9,ENSG00000151465,337,58,1069,511.5,0.5059,3
ENST00000282050.6,ENSG00000152234,554,145,1807,1224.5,0.7368,2
ENST00000284000.9,ENSG00000153879,151,283,736,289.5,0.6391,1
ENST00000284727.9,ENSG00000154518,143,128,557,1449.5,3.3788,2
ENST00000284984.8,ENSG00000154734,968,455,3359,1713.0,0.5899,3
ENST00000285930.9,ENSG00000085662,317,38,989,1475.0,1.551,5
ENST00000286371.8,ENSG00000069849,280,159,999,719.0,0.856,1
ENST00000286428.7,ENSG00000155959,198,23,617,451.0,0.7593,2
ENST00000286788.9,ENSG00000156261,549,58,1705,2779.0,1.6873,1
ENST00000287038.8,ENSG00000156482,116,70,418,708.5,2.0359,1
ENST00000288937.7,ENSG00000158042,176,44,572,381.5,0.7225,2
ENST00000289316.2,ENSG00000158373,127,24,405,4619.5,12.1247,4
ENST00000290155.8,ENSG00000159079,291,134,1007,484.5,0.555,2
ENST00000290158.9,ENSG00000108424,877,326,2957,2335.0,0.8875,3
ENST00000290299.7,ENSG00000241837,214,41,683,1187.5,1.8497,2
ENST00000290341.8,ENSG00000159217,578,361,2095,973.5,0.5614,1
ENST00000290541.7,ENSG00000159377,265,15,810,1381.0,1.7371,2
ENST00000291295.14,ENSG00000160014,150,105,555,845.5,1.8789,5
ENST00000291552.9,ENSG00000160201,241,76,799,827.5,1.1445,3
ENST00000291568.7,ENSG00000160213,99,39,336,256.5,0.8636,4
ENST00000291577.11,ENSG00000160221,269,15,822,515.0,0.6382,5
ENST00000292494.11,ENSG00000160932,132,115,511,316.0,0.798,3
ENST00000293362.7,ENSG00000131467,268,161,965,435.5,0.5417,4
ENST00000293860.6,ENSG00000161980,109,22,349,204.0,0.6239,5
ENST00000294742.6,ENSG00000162704,155,98,563,269.5,0.5796,4
ENST00000295066.3,ENSG00000162961,100,249,549,220.0,0.7333,5
ENST00000295470.10,ENSG00000152795,421,772,2035,1295.0,1.0253,2
ENST00000295598.10,ENSG00000163399,1024,268,3340,2084.0,0.6784,1
ENST00000295633.8,ENSG00000163430,309,96,1023,694.5,0.7492,3
ENST00000295688.8,ENSG00000163468,546,108,1746,2873.5,1.7543,1
ENST00000295702.9,ENSG00000163479,184,64,616,442.0,0.8007,4
ENST00000295766.9,ENSG00000167552,452,480,1836,2991.0,2.2058,1
ENST00000295830.13,ENSG00000163584,123,28,397,595.5,1.6138,2
ENST00000296102.8,ENSG00000243147,66,59,257,100.5,0.5076,3
ENST00000296255.8,ENSG00000163902,608,18,1842,1197.5,0.6565,5
ENST00000296277.9,ENSG00000163923,52,376,532,265.0,1.6987,2
ENST00000296417.6,ENSG00000164032,129,105,492,2601.5,6.7222,4
ENST00000296503.10,ENSG00000164104,210,107,737,1786.5,2.8357,3
ENST00000296509.11,ENSG00000164109,206,114,732,633.5,1.0251,2
ENST00000296511.10,ENSG00000164111,321,153,1116,903.5,0.9382,4
ENST00000296674.13,ENSG00000186468,144,31,463,1680.0,3.8889,5
ENST00000296684.10,ENSG00000164258,176,24,552,267.5,0.5066,3
ENST00000297071.9,ENSG00000164548,283,157,1006,546.5,0.6437,4
ENST00000297185.9,ENSG00000113013,680,83,2123,3066.5,1.5032,1
ENST00000297338.7,ENSG00000164754,632,198,2094,1467.0,0.7737,5
ENST00000297534.7,ENSG00000164898,114,48,390,428.5,1.2529,2
ENST00000297564.6,ENSG00000164919,76,72,300,1075.5,4.7171,1
ENST00000298510.4,ENSG00000165672,257,22,793,1651.0,2.1414,4
ENST00000298556.8,ENSG00000165704,219,147,804,682.0,1.0381,4
ENST00000299166.9,ENSG00000166136,187,20,581,832.5,1.484,1
ENST00000299299.4,ENSG00000166228,105,32,347,213.0,0.6762,3
ENST00000299300.11,ENSG00000166226,536,63,1671,1878.5,1.1682,1
ENST00000300026.4,ENSG00000166794,217,36,687,1236.0,1.8986,3
ENST00000300291.10,ENSG00000167005,228,130,814,395.5,0.5782,3
ENST00000300408.8,ENSG00000167085,273,75,894,490.0,0.5983,5
ENST00000300413.10,ENSG00000167088,120,116,476,789.0,2.1917,2
ENST00000300688.8,ENSG00000167283,104,60,372,402.0,1.2885,4
ENST00000300738.10,ENSG00000167325,793,214,2593,1672.0,0.7028,3
ENST00000301244.12,ENSG00000167642,253,320,1079,549.0,0.7233,2
ENST00000301457.3,ENSG00000267855,114,17,359,572.0,1.6725,2
ENST00000301522.3,ENSG00000167815,199,70,667,1876.5,3.1432,5
ENST00000301587.9,ENSG00000167863,162,54,540,574.0,1.1811,2
ENST00000301633.8,ENSG00000089685,166,131,629,391.5,0.7861,2
ENST00000301729.9,ENSG00000167969,303,21,930,646.0,0.7107,5
ENST00000301730.12,ENSG00000205937,306,240,1158,587.5,0.64,4
ENST00000301764.12,ENSG00000167986,1141,137,3560,1915.0,0.5595,1
ENST00000301788.12,ENSG00000168002,173,69,588,434.0,0.8362,1
ENST00000301886.3,ENSG00000273003,114,26,368,275.0,0.8041,5
ENST00000302386.10,ENSG00000170296,118,119,473,469.5,1.3263,1
ENST00000302422.4,ENSG00000205544,114,13,355,271.5,0.7939,1
ENST00000302746.11,ENSG00000168291,360,23,1103,582.5,0.5394,1
ENST00000302907.9,ENSG00000170889,195,56,641,795.0,1.359,2
ENST00000303127.12,ENSG00000169223,357,21,1092,629.0,0.5873,3
ENST00000303210.9,ENSG00000172354,341,273,1296,699.5,0.6838,1
ENST00000303305.11,ENSG00000170515,395,179,1364,1401.5,1.1827,5
ENST00000303436.11,ENSG00000168374,181,204,747,578.0,1.0645,2
ENST00000303731.9,ENSG00000170043,146,117,555,359.0,0.8196,3
ENST00000303887.10,ENSG00000166508,720,103,2263,2636.0,1.2204,3
ENST00000303904.8,ENSG00000168090,328,22,1006,713.0,0.7246,3
ENST00000303910.5,ENSG00000277075,131,54,447,4311.5,10.9707,3
ENST00000304043.10,ENSG00000169567,127,51,432,1066.5,2.7992,4
ENST00000304218.6,ENSG00000168298,220,62,722,19908.0,30.1636,1
ENST00000304312.5,ENSG00000169020,70,29,239,434.5,2.069,3
ENST00000304414.12,ENSG00000170540,204,83,695,643.0,1.0507,2
ENST00000304734.9,ENSG00000146223,256,229,997,585.0,0.7617,2
ENST00000304786.12,ENSG00000143742,87,115,376,1219.5,4.6724,2
ENST00000304858.7,ENSG00000170606,841,238,2761,1369.0,0.5426,5
ENST00000304863.6,ENSG00000169021,275,33,858,608.5,0.7376,2
ENST00000305105.3,ENSG00000106400,155,31,496,306.0,0.6581,3
ENST00000305786.7,ENSG00000172115,106,69,387,161.0,0.5063,2
ENST00000305943.9,ENSG00000168159,236,107,815,662.5,0.9357,4
ENST00000305978.7,ENSG00000171222,180,110,650,277.0,0.513,3
ENST00000306024.4,ENSG00000170860,103,44,353,336.5,1.089,5
ENST00000306185.8,ENSG00000172172,179,56,593,461.0,0.8585,5
ENST00000306434.8,ENSG00000168906,396,120,1308,624.5,0.5257,4
ENST00000306627.8,ENSG00000170142,194,167,749,710.0,1.2199,2
ENST00000307365.4,ENSG00000168209,233,197,896,776.0,1.1102,5
ENST00000307630.5,ENSG00000170027,248,183,927,706.5,0.9496,4
ENST00000307839.10,ENSG00000174748,205,52,667,846.5,1.3764,2
ENST00000307961.11,ENSG00000174444,428,65,1349,5288.0,4.1184,1
ENST00000308018.9,ENSG00000128626,139,74,491,214.0,0.5132,2
ENST00000308924.9,ENSG00000063244,476,70,1498,1287.5,0.9016,5
ENST00000308987.6,ENSG00000173207,80,65,305,269.5,1.1229,4
ENST00000309268.11,ENSG00000156508,463,63,1452,11382.0,8.1944,1
ENST00000309311.7,ENSG00000167658,859,83,2660,8252.0,3.2022,5
ENST00000309451.7,ENSG00000173272,159,21,498,538.5,1.1289,4
ENST00000309579.7,ENSG00000173915,59,67,244,446.0,2.5198,1
ENST00000309594.5,ENSG00000173141,103,65,374,176.5,0.5712,4
ENST00000310786.10,ENSG00000135535,198,89,683,678.0,1.1414,3
ENST00000311111.11,ENSG00000172809,71,106,319,538.0,2.5258,1
ENST00000311487.9,ENSG00000137309,108,249,573,619.5,1.912,5
ENST00000311528.10,ENSG00000167526,212,51,687,2544.5,4.0008,3
ENST00000311672.10,ENSG00000173660,92,69,345,625.0,2.2645,4
ENST00000312037.6,ENSG00000164587,152,208,664,1940.5,4.2555,5
ENST00000312175.7,ENSG00000175334,90,84,354,672.0,2.4889,2
ENST00000312989.11,ENSG00000172531,342,11,1037,515.0,0.5019,3
ENST00000312990.10,,112,292,628,201.5,0.5997,
ENST00000313117.11,ENSG00000115875,239,105,822,1251.5,1.7455,4
ENST00000313132.8,ENSG00000165637,310,249,1179,768.5,0.8263,5
ENST00000313334.13,ENSG00000134717,159,98,575,240.5,0.5042,5
ENST00000313433.11,ENSG00000117748,359,70,1147,551.5,0.5121,1
ENST00000313468.10,ENSG00000110717,211,53,686,576.5,0.9107,3
ENST00000313511.8,ENSG00000178952,456,79,1447,1409.5,1.0303,3
ENST00000313608.13,ENSG00000181610,191,34,607,324.5,0.5663,2
ENST00000313899.12,ENSG00000138668,356,313,1381,1753.5,1.6419,3
ENST00000314133.4,ENSG00000176340,70,61,271,406.5,1.9357,2
ENST00000314138.11,ENSG00000166441,149,22,469,1946.5,4.3546,1
ENST00000314332.5,ENSG00000180596,127,6,387,3758.0,9.8635,5
ENST00000314355.7,ENSG00000123975,80,98,338,628.0,2.6167,1
ENST00000314940.7,ENSG00000177733,306,297,1215,932.0,1.0153,3
ENST00000315554.15,ENSG00000070831,192,84,660,1030.5,1.7891,5
ENST00000315660.8,ENSG00000157514,201,312,915,1147.0,1.9022,3
ENST00000315758.10,ENSG00000146701,339,55,1072,2266.0,2.2281,1
ENST00000316084.10,ENSG00000198034,264,53,845,1217.5,1.5372,1
ENST00000316199.10,ENSG00000178999,346,78,1116,766.0,0.738,3
ENST00000316448.10,ENSG00000179218,418,71,1325,2378.5,1.8967,1
ENST00000316594.6,ENSG00000126945,450,151,1501,852.0,0.6311,5
ENST00000316804.10,ENSG00000177885,218,327,981,335.5,0.513,2
ENST00000316939.3,ENSG00000179271,223,11,680,578.5,0.8647,4
ENST00000317378.5,ENSG00000181029,189,187,754,357.5,0.6305,3
ENST00000317534.6,ENSG00000062582,168,22,526,281.5,0.5585,5
ENST00000317881.9,ENSG00000005022,299,72,969,1229.5,1.3707,3
ENST00000317943.6,ENSG00000178449,58,300,474,147.5,0.8477,1
ENST00000318066.7,ENSG00000177889,153,63,522,472.0,1.0283,3
ENST00000318911.5,ENSG00000179091,326,24,1002,767.5,0.7848,1
ENST00000319006.8,ENSG00000177156,338,18,1032,1186.5,1.1701,4
ENST00000319285.5,ENSG00000179958,171,50,563,307.5,0.5994,3
ENST00000320676.11,ENSG00000147274,392,155,1331,794.0,0.6752,1
ENST00000320756.7,ENSG00000111196,149,77,524,325.0,0.7271,4
ENST00000320848.7,ENSG00000178988,128,236,620,294.5,0.7669,3
ENST00000320857.7,ENSG00000180879,174,1084,1606,671.5,1.2864,3
ENST00000320912.8,ENSG00000179010,128,653,1037,692.5,1.8034,1
ENST00000320963.9,ENSG00000117906,336,104,1112,603.0,0.5982,4
ENST00000321153.9,ENSG00000177600,116,74,422,992.0,2.8506,4
ENST00000321265.10,ENSG00000090273,332,106,1102,1042.0,1.0462,5
ENST00000321358.12,ENSG00000065978,325,148,1123,683.0,0.7005,3
ENST00000321394.12,ENSG00000120438,557,134,1805,1445.0,0.8648,5
ENST00000321442.10,ENSG00000164466,323,89,1058,507.5,0.5237,4
ENST00000321562.9,ENSG00000141756,583,31,1780,943.5,0.5395,5
ENST00000321751.9,ENSG00000175756,200,129,729,395.0,0.6583,5
ENST00000322008.9,ENSG00000177697,254,140,902,576.0,0.7559,4
ENST00000322028.5,ENSG00000177700,68,21,225,315.0,1.5441,2
ENST00000322203.7,ENSG00000198755,218,34,688,1899.5,2.9044,2
ENST00000322213.9,ENSG00000072501,1234,54,3756,2237.5,0.6044,1
ENST00000322623.10,ENSG00000175792,457,88,1459,1079.5,0.7874,4
ENST00000322723.9,ENSG00000115053,711,131,2264,5024.0,2.3554,2
ENST00000322753.7,ENSG00000173436,79,67,304,236.0,0.9958,2
ENST00000322989.8,ENSG00000134419,131,96,489,1712.0,4.3562,4
ENST00000323274.15,ENSG00000176890,314,90,1032,780.5,0.8286,4
ENST00000323345.11,ENSG00000148303,267,26,827,986.0,1.231,4
ENST00000323699.9,ENSG00000143753,324,97,1069,702.0,0.7222,1
ENST00000323851.13,ENSG00000104419,395,137,1322,869.5,0.7338,3
ENST00000324460.7,ENSG00000044574,655,217,2182,2891.5,1.4715,1
ENST00000324787.10,ENSG00000090263,107,69,390,198.5,0.6184,1
ENST00000325495.9,ENSG00000099783,731,24,2217,2223.5,1.0139,3
ENST00000326925.11,ENSG00000178057,185,24,579,760.5,1.3703,3
ENST00000327300.12,ENSG00000121774,444,128,1460,1974.5,1.4824,1
ENST00000327772.7,ENSG00000184752,146,17,455,570.5,1.3025,3
ENST00000327892.13,ENSG00000196230,445,155,1490,1084.0,0.812,2
ENST00000328434.8,ENSG00000183978,107,23,344,284.5,0.8863,5
ENST00000328923.8,ENSG00000182199,505,68,1583,2031.5,1.3409,5
ENST00000329251.5,ENSG00000254772,438,49,1363,1383.5,1.0529,1
ENST00000329399.7,ENSG00000107438,330,88,1078,596.0,0.602,5
ENST00000329421.8,ENSG00000175130,196,200,788,1322.5,2.2491,5
ENST00000329433.11,ENSG00000169045,473,108,1527,2476.5,1.7452,4
ENST00000329563.8,ENSG00000100300,170,226,736,606.0,1.1882,2
ENST00000330133.5,ENSG00000183617,139,19,436,243.5,0.5839,3
ENST00000330137.12,ENSG00000182628,122,23,389,202.0,0.5519,4
ENST00000330398.9,ENSG00000185883,156,152,620,604.5,1.2917,1
ENST00000330459.8,ENSG00000182481,530,129,1719,1083.5,0.6814,5
ENST00000330720.7,ENSG00000105438,213,193,832,1145.0,1.7919,3
ENST00000330899.5,ENSG00000086061,398,121,1315,954.0,0.799,5
ENST00000330978.4,ENSG00000183336,87,98,359,171.5,0.6571,1
ENST00000331128.6,ENSG00000184270,131,49,442,710.5,1.8079,1
ENST00000331200.8,ENSG00000128951,253,87,846,548.0,0.722,1
ENST00000331268.9,ENSG00000185787,363,204,1293,849.5,0.7801,5
ENST00000331380.4,ENSG00000184260,130,57,447,1027.5,2.6346,2
ENST00000331442.5,ENSG00000184357,227,59,740,593.0,0.8708,5
ENST00000331491.2,ENSG00000183598,137,12,423,1369.5,3.3321,5
ENST00000331569.6,ENSG00000183779,591,198,1971,1215.5,0.6856,2
ENST00000331666.11,ENSG00000184110,914,85,2827,4001.0,1.4592,1
ENST00000331835.10,ENSG00000183291,166,15,513,461.0,0.9257,5
ENST00000332598.7,ENSG00000184840,236,12,720,513.0,0.7246,1
ENST00000333130.4,ENSG00000185608,207,10,631,433.5,0.6981,1
ENST00000333151.5,ENSG00000276368,129,37,424,5252.0,13.5711,4
ENST00000333511.9,ENSG00000172270,386,39,1197,2842.0,2.4542,4
ENST00000333676.8,ENSG00000262814,199,135,732,526.0,0.8811,3
ENST00000333775.9,ENSG00000183011,174,431,953,420.0,0.8046,1
ENST00000333926.6,ENSG00000122873,109,112,439,210.0,0.6422,1
ENST00000334701.11,ENSG00000080824,855,282,2847,5434.5,2.1187,5
ENST00000335508.11,ENSG00000115524,1305,29,3944,2179.5,0.5567,1
ENST00000335514.10,ENSG00000130770,107,60,381,681.5,2.1231,1
ENST00000335972.11,ENSG00000130985,1059,196,3373,4426.0,1.3931,4
ENST00000336023.9,ENSG00000123416,452,95,1451,4517.0,3.3311,2
ENST00000336695.4,ENSG00000125995,80,182,422,420.0,1.75,5
ENST00000336949.7,ENSG00000165175,184,3223,3775,324.0,0.587,2
ENST00000337304.2,ENSG00000128272,352,882,1938,629.5,0.5961,3
ENST00000337620.8,ENSG00000122565,184,428,980,1055.0,1.9112,3
ENST00000337682.9,ENSG00000139146,222,147,813,498.5,0.7485,5
ENST00000337919.9,ENSG00000164683,309,194,1121,568.0,0.6127,2
ENST00000337970.7,ENSG00000169813,416,323,1571,1419.0,1.137,1
ENST00000338148.8,ENSG00000185414,162,93,579,393.0,0.8086,5
ENST00000338639.10,ENSG00000116288,190,106,676,995.5,1.7465,4
ENST00000338825.5,ENSG00000187840,119,40,397,953.5,2.6709,1
ENST00000338970.10,ENSG00000188846,216,69,717,2427.0,3.7454,5
ENST00000339399.5,ENSG00000136938,252,215,971,427.0,0.5648,5
ENST00000339471.8,ENSG00000105193,153,41,500,368.0,0.8017,2
ENST00000339556.8,ENSG00000189171,99,121,418,218.0,0.734,4
ENST00000339600.6,ENSG00000189043,82,96,342,827.0,3.3618,1
ENST00000339647.6,ENSG00000150991,686,67,2125,21267.5,10.3341,1
ENST00000339697.5,ENSG00000111897,454,70,1432,796.0,0.5844,2
ENST00000339812.3,ENSG00000124635,127,45,426,6080.0,15.958,3
ENST00000339995.11,ENSG00000110321,908,308,3032,1448.5,0.5318,1
ENST00000340384.5,ENSG00000188229,446,74,1412,1066.0,0.7967,2
ENST00000340385.6,ENSG00000117592,225,63,738,1513.5,2.2422,5
ENST00000340398.5,ENSG00000188375,136,132,540,466.0,1.1422,5
ENST00000340766.9,ENSG00000186298,338,232,1246,523.5,0.5163,5
ENST00000341023.2,ENSG00000196866,131,50,443,3416.0,8.6921,2
ENST00000342669.8,ENSG00000125743,119,65,422,1709.0,4.7871,1
ENST00000343262.9,ENSG00000140988,294,23,905,1016.0,1.1519,1
ENST00000343677.4,ENSG00000187837,214,42,684,18229.5,28.3949,1
ENST00000343818.11,ENSG00000143811,321,140,1103,711.5,0.7388,5
ENST00000343986.9,ENSG00000171858,84,52,304,458.5,1.8194,3
ENST00000344921.11,ENSG00000099956,395,207,1392,674.0,0.5688,2
ENST00000345042.6,ENSG00000144381,574,117,1839,2029.0,1.1783,1
ENST00000345496.7,ENSG00000184787,166,72,570,299.5,0.6014,2
ENST00000346178.8,ENSG00000089597,967,16,2917,2251.5,0.7761,4
ENST00000346798.8,ENSG00000142192,771,150,2463,2432.5,1.0517,3
ENST00000347512.8,ENSG00000130255,106,35,353,3584.0,11.2704,3
ENST00000348462.6,ENSG00000136942,124,45,417,876.5,2.3562,3
ENST00000350030.8,ENSG00000132780,789,106,2473,1476.5,0.6238,1
ENST00000350498.8,ENSG00000106244,182,49,595,391.5,0.717,2
ENST00000351554.8,ENSG00000085063,129,161,548,201.5,0.5207,2
ENST00000351839.7,,464,107,1499,3926.5,2.8208,
ENST00000352035.7,ENSG00000131473,1102,95,3401,2727.5,0.825,4
ENST00000352178.9,ENSG00000160200,552,238,1894,1153.0,0.6963,5
ENST00000352433.10,ENSG00000164611,203,48,657,787.5,1.2931,1
ENST00000352767.7,ENSG00000114867,1607,214,5035,2440.0,0.5061,2
ENST00000352861.9,ENSG00000132432,69,60,267,568.5,2.7464,2
ENST00000352983.7,ENSG00000147604,249,21,768,702.0,0.9398,5
ENST00000353245.7,ENSG00000164924,246,84,822,2519.0,3.4133,5
ENST00000353411.11,ENSG00000113558,164,96,588,389.0,0.7907,2
ENST00000353703.9,ENSG00000166913,247,185,926,924.5,1.2476,4
ENST00000353801.7,ENSG00000096384,725,122,2297,4730.5,2.1749,2
ENST00000354371.7,ENSG00000198612,210,76,706,329.5,0.523,3
ENST00000354667.8,ENSG00000122566,354,169,1231,7070.5,6.6577,3
ENST00000354777.6,ENSG00000116729,544,246,1878,820.5,0.5028,5
ENST00000355057.3,ENSG00000197238,104,33,345,13053.5,41.8381,3
ENST00000355151.9,ENSG00000172590,124,30,402,341.0,0.9167,4
ENST00000355653.8,ENSG00000108828,394,63,1245,610.0,0.5161,5
ENST00000355899.8,ENSG00000102024,631,95,1988,10486.5,5.5396,4
ENST00000355937.9,ENSG00000101166,195,56,641,329.5,0.5632,4
ENST00000355938.9,ENSG00000159199,137,85,496,391.0,0.9513,4
ENST00000356033.8,ENSG00000189159,182,278,824,333.5,0.6108,5
ENST00000356244.8,ENSG00000100401,588,240,2004,958.0,0.5431,3
ENST00000356455.9,ENSG00000175063,180,52,592,357.5,0.662,3
ENST00000356476.3,ENSG00000197409,137,36,447,449.5,1.0937,4
ENST00000356493.10,ENSG00000165283,357,37,1108,540.0,0.5042,3
ENST00000356530.6,ENSG00000277224,127,43,424,1676.5,4.4003,1
ENST00000356708.12,ENSG00000165629,299,31,928,1084.0,1.2085,2
ENST00000356950.2,ENSG00000197903,127,57,438,8002.5,21.0039,1
ENST00000356978.9,ENSG00000198668,150,202,652,708.0,1.5733,2
ENST00000357194.10,ENSG00000109332,150,152,602,386.5,0.8589,3
ENST00000358015.8,ENSG00000119318,410,351,1581,871.5,0.7085,5
ENST00000358075.11,ENSG00000102158,336,183,1191,576.5,0.5719,5
ENST00000358171.8,ENSG00000149257,419,101,1358,671.0,0.5338,4
ENST00000358227.5,ENSG00000137038,113,44,383,202.0,0.5959,2
ENST00000358344.8,ENSG00000197451,333,231,1230,1992.5,1.9945,4
ENST00000358666.7,ENSG00000198258,74,184,406,750.0,3.3784,3
ENST00000358739.5,ENSG00000196747,131,37,430,7719.0,19.6412,5
ENST00000358794.9,ENSG00000168439,591,553,2326,1464.0,0.8257,4
ENST00000358901.11,ENSG00000165280,807,272,2693,2071.5,0.8556,4
ENST00000359193.4,ENSG00000196787,131,29,422,4264.5,10.8511,3
ENST00000359303.4,ENSG00000197153,137,34,445,4155.5,10.1107,4
ENST00000359308.8,ENSG00000196419,610,655,2485,3231.0,1.7656,5
ENST00000359462.9,ENSG00000197111,367,323,1424,582.0,0.5286,4
ENST00000359611.4,ENSG00000278677,131,36,429,3639.5,9.2608,2
ENST00000359803.7,ENSG00000110492,144,222,654,306.0,0.7083,5
ENST00000359867.7,ENSG00000213923,417,111,1362,637.5,0.5096,3
ENST00000359995.10,ENSG00000161547,222,171,837,1104.5,1.6584,3
ENST00000360000.8,ENSG00000180964,118,146,500,341.0,0.9633,5
ENST00000360458.5,ENSG00000123562,289,292,1159,2473.5,2.8529,4
ENST00000360541.10,ENSG00000120705,438,158,1472,709.0,0.5396,4
ENST00000360566.6,ENSG00000171848,450,291,1641,1270.0,0.9407,2
ENST00000360876.9,ENSG00000106263,815,95,2540,1565.0,0.6401,1
ENST00000361441.5,ENSG00000244509,191,106,679,333.0,0.5812,1
ENST00000361531.6,ENSG00000143314,217,137,788,450.0,0.6912,1
ENST00000361575.4,ENSG00000198918,52,54,210,914.0,5.859,2
ENST00000361611.11,ENSG00000100804,264,19,811,991.0,1.2513,4
ENST00000361740.9,ENSG00000100243,346,77,1115,739.0,0.7119,2
ENST00000361891.9,ENSG00000143621,391,71,1244,2226.0,1.8977,5
ENST00000366607.5,ENSG00000173726,146,122,560,264.5,0.6039,2
ENST00000366639.9,ENSG00000116918,291,142,1015,444.0,0.5086,1
ENST00000366695.3,ENSG00000181218,131,56,449,1473.5,3.7494,4
ENST00000366696.2,ENSG00000168148,137,35,446,643.5,1.5657,4
ENST00000366794.10,ENSG00000143799,1015,164,3209,3819.0,1.2542,1
ENST00000366923.8,ENSG00000136628,1513,117,4656,2889.0,0.6365,4
ENST00000367089.8,ENSG00000146425,114,35,377,341.0,0.9971,1
ENST00000367142.5,ENSG00000069275,244,209,941,1911.5,2.6113,3
ENST00000367287.5,ENSG00000134375,172,24,540,264.0,0.5116,4
ENST00000367332.5,ENSG00000116857,187,93,654,432.5,0.7709,2
ENST00000367380.9,ENSG00000120265,251,33,786,629.5,0.836,5
ENST00000367549.4,ENSG00000135829,1271,132,3945,2085.0,0.5468,2
ENST00000367569.4,ENSG00000169976,87,76,337,564.0,2.1609,2
ENST00000367660.4,ENSG00000146386,82,137,383,153.0,0.622,3
ENST00000367679.7,ENSG00000116161,229,234,921,845.5,1.2307,3
ENST00000367883.3,ENSG00000143198,167,89,590,362.0,0.7226,1
ENST00000368010.4,ENSG00000143256,155,11,476,330.0,0.7097,1
ENST00000368096.5,ENSG00000158710,221,247,910,2826.0,4.2624,2
ENST00000368221.1,ENSG00000143320,139,96,513,215.5,0.5168,3
ENST00000368302.3,ENSG00000116586,151,40,493,263.5,0.5817,4
ENST00000368325.5,ENSG00000203760,104,100,412,250.0,0.8013,4
ENST00000368399.1,ENSG00000179085,123,77,446,225.0,0.6098,5
ENST00000368547.4,ENSG00000127884,291,21,894,612.0,0.701,2
ENST00000368608.4,ENSG00000189241,438,100,1414,825.0,0.6279,3
ENST00000368809.1,ENSG00000197747,98,77,371,520.0,1.7687,3
ENST00000368845.6,ENSG00000065154,440,80,1400,1196.0,0.9061,5
ENST00000368865.9,ENSG00000154473,329,84,1071,1258.0,1.2746,5
ENST00000369016.8,ENSG00000143420,188,96,660,532.0,0.9433,5
ENST00000369155.4,ENSG00000184678,127,42,423,1606.0,4.2152,3
ENST00000369158.2,ENSG00000203811,137,51,462,9851.5,23.9696,4
ENST00000369159.3,ENSG00000288825,131,52,445,256.0,0.6514,2
ENST00000369163.4,ENSG00000278828,137,23,434,11095.0,26.9951,1
ENST00000369541.4,ENSG00000116752,226,24,702,350.5,0.517,4
ENST00000369626.8,ENSG00000155380,501,206,1709,1677.0,1.1158,3
ENST00000369713.10,ENSG00000148834,242,37,763,686.5,0.9456,3
ENST00000369722.8,ENSG00000116459,257,78,849,926.0,1.201,2
ENST00000369817.7,ENSG00000147403,215,41,686,590.0,0.9147,1
ENST00000369923.4,ENSG00000031698,537,11,1622,1479.5,0.9184,1
ENST00000370081.6,ENSG00000112695,116,311,659,895.5,2.5733,5
ENST00000370110.6,ENSG00000107833,179,56,593,327.5,0.6099,5
ENST00000370177.1,ENSG00000125534,141,145,568,493.5,1.1667,4
ENST00000370206.9,ENSG00000117519,330,216,1206,590.5,0.5965,3
ENST00000370321.8,ENSG00000122406,298,75,969,2642.5,2.9558,3
ENST00000370355.3,ENSG00000099194,360,272,1352,1338.5,1.2394,4
ENST00000370641.3,ENSG00000174021,69,474,681,126.5,0.6111,4
ENST00000370651.8,ENSG00000285976,45,201,336,268.0,1.9852,2
ENST00000370659.2,ENSG00000198225,109,88,415,428.5,1.3104,4
ENST00000370873.9,ENSG00000101182,249,91,838,706.5,0.9458,2
ENST00000370918.8,ENSG00000012660,327,371,1352,497.0,0.5066,5
ENST00000370982.4,ENSG00000172380,73,200,419,167.0,0.7626,2
ENST00000370995.6,ENSG00000142864,409,86,1313,3796.0,3.0937,1
ENST00000371315.3,ENSG00000232119,183,533,1082,456.0,0.8306,4
ENST00000371419.7,ENSG00000101132,135,14,419,230.0,0.5679,1
ENST00000371437.5,ENSG00000125356,71,80,293,869.5,4.0822,4
ENST00000371443.6,ENSG00000182154,138,108,522,420.5,1.0157,3
ENST00000371470.8,ENSG00000162385,147,70,511,354.0,0.8027,2
ENST00000371959.9,ENSG00000126016,1085,668,3923,3875.0,1.1905,1
ENST00000371989.8,ENSG00000148248,270,91,901,411.0,0.5074,2
ENST00000372014.5,ENSG00000180992,146,127,565,283.5,0.6473,2
ENST00000372134.6,ENSG00000165678,346,124,1162,1131.0,1.0896,4
ENST00000372635.1,ENSG00000166681,112,236,572,1753.5,5.2188,4
ENST00000372656.5,ENSG00000185222,105,188,503,371.0,1.1778,1
ENST00000372688.9,ENSG00000119335,297,45,936,544.0,0.6105,1
ENST00000372691.3,ENSG00000102409,121,120,483,370.5,1.0207,3
ENST00000372792.7,ENSG00000131236,476,86,1514,816.0,0.5714,3
ENST00000372879.8,ENSG00000196683,126,12,390,239.5,0.6336,1
ENST00000372945.8,ENSG00000182180,138,162,576,275.0,0.6643,5
ENST00000372967.3,ENSG00000168653,107,83,404,1115.0,3.4735,1
ENST00000373014.5,ENSG00000183520,254,69,831,463.0,0.6076,1
ENST00000373019.5,ENSG00000183431,502,57,1563,827.5,0.5495,1
ENST00000373020.9,ENSG00000000003,246,112,850,494.5,0.6701,4
ENST00000373232.8,ENSG00000180817,290,102,972,1176.0,1.3517,2
ENST00000373237.4,ENSG00000126067,202,94,700,1388.5,2.2913,4
ENST00000373316.5,ENSG00000102144,418,93,1347,4081.5,3.2548,4
ENST00000373365.5,ENSG00000124767,185,91,646,2177.0,3.9225,3
ENST00000373477.9,ENSG00000134684,529,114,1701,2053.0,1.2936,2
ENST00000373493.10,ENSG00000162521,426,99,1377,1761.5,1.3783,4
ENST00000373548.8,ENSG00000116478,483,87,1536,837.5,0.578,5
ENST00000373699.6,ENSG00000137168,167,31,532,312.0,0.6228,2
ENST00000373703.5,ENSG00000162517,285,12,867,537.5,0.6287,2
ENST00000373715.11,ENSG00000112081,165,122,617,991.5,2.003,1
ENST00000373768.4,ENSG00000119421,173,102,621,370.0,0.7129,4
ENST00000373944.8,ENSG00000122952,278,23,857,498.0,0.5971,5
ENST00000374017.3,ENSG00000124562,181,287,830,716.5,1.3195,3
ENST00000374050.4,ENSG00000136888,119,70,427,414.5,1.1611,1
ENST00000374293.5,ENSG00000242616,69,30,237,132.5,0.6401,4
ENST00000374358.5,ENSG00000183726,158,136,610,346.0,0.73,4
ENST00000374379.9,ENSG00000169504,254,107,869,976.5,1.2815,4
ENST00000374436.7,ENSG00000242372,246,228,966,597.0,0.8089,1
ENST00000374517.6,ENSG00000136810,106,72,390,1619.5,5.0928,1
ENST00000374561.6,ENSG00000117318,120,75,435,855.5,2.3764,4
ENST00000374606.10,ENSG00000204220,130,256,646,365.0,0.9359,3
ENST00000374616.7,ENSG00000125944,637,109,2020,2266.5,1.186,4
ENST00000374846.3,ENSG00000125971,149,263,710,332.5,0.7438,2
ENST00000374980.3,ENSG00000125977,334,133,1135,1224.5,1.2221,4
ENST00000375433.3,ENSG00000179051,523,47,1616,1223.0,0.7795,5
ENST00000375549.8,ENSG00000204370,160,35,515,302.5,0.6302,3
ENST00000375571.6,ENSG00000101367,269,78,885,731.5,0.9064,4
ENST00000375643.7,ENSG00000196305,1263,267,4056,3236.0,0.8541,5
ENST00000375650.5,ENSG00000204388,642,213,2139,14055.5,7.2978,2
ENST00000375651.7,ENSG00000204389,642,214,2140,13991.0,7.2643,4
ENST00000375654.5,ENSG00000204390,642,408,2334,1820.5,0.9452,5
ENST00000375661.6,ENSG00000204392,96,209,497,153.5,0.533,3
ENST00000375695.2,ENSG00000179222,835,153,2658,1491.5,0.5954,4
ENST00000375779.6,ENSG00000213719,242,140,866,616.0,0.8485,4
ENST00000375885.8,ENSG00000204435,235,212,917,794.5,1.127,4
ENST00000376263.8,ENSG00000165119,465,170,1565,3853.0,2.762,5
ENST00000376395.9,ENSG00000135018,590,279,2049,887.0,0.5011,2
ENST00000376588.4,ENSG00000135069,371,86,1199,2987.5,2.6842,3
ENST00000376755.1,ENSG00000102317,158,229,703,655.5,1.3829,1
ENST00000376925.8,ENSG00000101439,147,93,534,524.0,1.1882,2
ENST00000377401.4,ENSG00000185130,127,23,404,2181.5,5.7257,2
ENST00000377459.3,ENSG00000274997,129,23,410,3564.0,9.2093,3
ENST00000377673.10,ENSG00000204856,274,31,853,423.5,0.5152,4
ENST00000377727.2,ENSG00000158406,104,35,347,1004.5,3.2196,2
ENST00000377733.4,ENSG00000278588,127,45,426,279.5,0.7336,4
ENST00000377745.5,ENSG00000278705,104,31,343,768.0,2.4615,1
ENST00000377791.4,ENSG00000180573,131,61,454,3604.0,9.1705,3
ENST00000377803.4,ENSG00000197061,104,15,327,5882.0,18.8526,3
ENST00000377818.4,ENSG00000204899,83,27,276,287.5,1.1546,3
ENST00000377891.6,ENSG00000168003,632,159,2055,1457.0,0.7685,1
ENST00000377982.8,ENSG00000138071,400,73,1273,1334.5,1.1121,2
ENST00000378364.8,ENSG00000198931,181,29,572,851.0,1.5672,2
ENST00000378609.9,ENSG00000078369,341,363,1386,603.5,0.5899,3
ENST00000378665.1,ENSG00000164405,83,236,485,699.5,2.8092,3
ENST00000378700.8,ENSG00000172201,162,385,871,536.0,1.1029,1
ENST00000378720.8,ENSG00000139684,283,112,961,688.0,0.8104,1
ENST00000378937.7,ENSG00000165609,233,94,793,441.0,0.6309,4
ENST00000379143.10,ENSG00000132646,262,160,946,1130.0,1.4377,1
ENST00000379341.9,ENSG00000123131,272,78,894,877.5,1.0754,4
ENST00000379412.9,ENSG00000134333,362,270,1356,1801.5,1.6588,2
ENST00000379638.9,ENSG00000129625,190,37,607,302.5,0.5307,3
ENST00000379847.8,ENSG00000165264,129,99,486,844.5,2.1822,3
ENST00000380084.8,ENSG00000102054,470,245,1655,3369.5,2.3897,4
ENST00000380155.4,ENSG00000169895,353,113,1172,568.5,0.5368,4
ENST00000380191.9,ENSG00000057608,446,176,1514,1036.5,0.7747,2
ENST00000380325.4,ENSG00000125901,206,17,635,342.0,0.5534,1
ENST00000380394.9,ENSG00000137154,250,41,791,1443.5,1.9247,2
ENST00000380591.8,ENSG00000145741,207,226,847,998.5,1.6079,3
ENST00000380633.1,ENSG00000205542,45,90,225,314.5,2.3296,1
ENST00000380707.9,ENSG00000172062,295,17,902,550.0,0.6215,4
ENST00000380733.9,ENSG00000164985,531,295,1888,1395.0,0.8757,5
ENST00000380743.9,ENSG00000205571,295,17,902,549.5,0.6209,1
ENST00000380876.5,ENSG00000205609,915,85,2830,3999.0,1.4568,1
ENST00000381192.10,ENSG00000002586,186,66,624,552.0,0.9892,3
ENST00000381401.11,ENSG00000169100,299,104,1001,785.5,0.8757,5
ENST00000381815.9,ENSG00000159131,1011,94,3127,2081.5,0.6863,4
ENST00000382533.9,ENSG00000150459,173,434,953,581.5,1.1204,5
ENST00000383801.6,ENSG00000157020,369,72,1179,601.5,0.5434,2
ENST00000388857.8,ENSG00000211450,123,24,393,250.0,0.6775,3
ENST00000391842.6,ENSG00000104960,417,170,1421,798.0,0.6379,4
ENST00000392061.6,ENSG00000218739,81,14,257,148.0,0.6091,1
ENST00000392132.7,ENSG00000079246,733,89,2288,2996.0,1.3624,3
ENST00000392201.1,ENSG00000126267,87,95,356,926.0,3.5479,4
ENST00000392367.4,ENSG00000132341,234,41,743,2852.0,4.0627,3
ENST00000392948.5,ENSG00000273213,137,11,422,1102.0,2.6813,5
ENST00000393085.4,ENSG00000105887,119,259,616,612.0,1.7143,4
ENST00000393190.4,ENSG00000243678,153,267,726,1481.5,3.2277,4
ENST00000393263.7,ENSG00000187109,392,120,1296,1403.0,1.193,4
ENST00000394053.7,ENSG00000065911,351,27,1080,1291.0,1.226,3
ENST00000394077.8,ENSG00000114391,158,42,516,2273.5,4.7964,5
ENST00000394223.2,ENSG00000109390,77,283,514,234.0,1.013,5
ENST00000394332.5,ENSG00000125691,141,12,435,1025.0,2.4232,2
ENST00000394366.6,ENSG00000100650,273,307,1126,510.5,0.6233,3
ENST00000394434.7,ENSG00000133706,1177,157,3688,2025.5,0.5736,2
ENST00000394440.8,ENSG00000115484,540,149,1769,2893.0,1.7858,5
ENST00000394665.5,ENSG00000109475,118,132,486,832.5,2.3517,3
ENST00000394800.6,ENSG00000015479,896,549,3237,1866.0,0.6942,2
ENST00000394936.8,ENSG00000197746,525,30,1605,1807.5,1.1476,3
ENST00000395284.8,ENSG00000170312,298,118,1012,1427.5,1.5968,4
ENST00000395422.4,ENSG00000106153,152,63,519,1417.5,3.1086,3
ENST00000396172.6,ENSG00000198563,429,186,1473,2240.5,1.7409,3
ENST00000396651.8,ENSG00000142937,209,57,684,3342.5,5.3309,3
ENST00000396779.7,ENSG00000126768,223,149,818,402.0,0.6009,2
ENST00000396821.8,ENSG00000100201,732,100,2296,1457.0,0.6635,3
ENST00000397297.7,ENSG00000214026,192,31,607,368.0,0.6389,4
ENST00000397764.8,ENSG00000214194,60,150,330,111.0,0.6167,5
ENST00000398136.7,ENSG00000152558,209,142,769,485.5,0.7743,5
ENST00000398153.7,ENSG00000111906,205,35,650,327.0,0.5317,2
ENST00000398606.10,ENSG00000084207,211,32,665,2201.5,3.4779,5
ENST00000398733.8,ENSG00000131508,148,453,897,324.0,0.7297,3
ENST00000398881.4,ENSG00000214736,75,4,229,385.5,1.7133,5
ENST00000399688.7,ENSG00000128050,433,175,1474,1138.0,0.8761,3
ENST00000400099.5,ENSG00000154723,120,46,406,565.5,1.5708,3
ENST00000400206.7,ENSG00000283900,417,466,1717,637.5,0.5096,4
ENST00000401675.7,ENSG00000250479,150,68,518,643.0,1.4289,1
ENST00000401811.3,ENSG00000175768,99,72,369,210.0,0.7071,4
ENST00000402252.6,ENSG00000183010,347,26,1067,868.5,0.8343,1
ENST00000403564.5,ENSG00000171863,195,142,727,1717.5,2.9359,5
ENST00000403683.2,ENSG00000203852,137,47,458,9851.5,23.9696,3
ENST00000404371.6,ENSG00000143870,493,338,1817,1245.5,0.8421,2
ENST00000407627.7,ENSG00000066044,327,163,1144,813.0,0.8287,3
ENST00000409038.5,ENSG00000071082,131,23,416,494.0,1.257,3
ENST00000409170.3,ENSG00000257529,119,32,389,723.0,2.0252,1
ENST00000409255.1,ENSG00000152082,219,26,683,565.0,0.86,5
ENST00000409368.5,ENSG00000116030,147,143,584,336.5,0.763,1
ENST00000409546.5,ENSG00000138430,417,631,1882,663.5,0.5304,5
ENST00000409563.5,ENSG00000143933,197,142,733,1491.0,2.5228,4
ENST00000409682.8,ENSG00000115233,311,317,1250,538.0,0.5766,3
ENST00000409784.8,ENSG00000138069,206,191,809,347.5,0.5623,5
ENST00000409960.6,ENSG00000140264,171,47,560,714.5,1.3928,5
ENST00000410042.1,ENSG00000273155,132,207,603,306.5,0.774,1
ENST00000411763.6,ENSG00000161203,461,148,1531,969.0,0.7007,2
ENST00000413966.2,ENSG00000155660,695,115,2200,1656.0,0.7942,2
ENST00000414183.6,ENSG00000182944,662,21,2007,1769.5,0.891,3
ENST00000414487.7,ENSG00000182004,93,61,340,769.0,2.7563,1
ENST00000415136.6,ENSG00000244038,457,143,1514,1334.0,0.973,4
ENST00000415930.8,ENSG00000105220,598,170,1964,2905.5,1.6196,2
ENST00000418115.6,ENSG00000067560,194,159,741,1304.0,2.2405,1
ENST00000418389.6,ENSG00000174886,229,78,765,670.5,0.976,2
ENST00000418458.6,ENSG00000163938,550,61,1711,918.0,0.5564,3
ENST00000418988.2,ENSG00000129084,270,328,1138,1068.5,1.3191,1
ENST00000419343.7,ENSG00000105185,130,61,451,276.0,0.7077,2
ENST00000419783.3,ENSG00000233276,204,75,687,668.0,1.0915,2
ENST00000420743.6,ENSG00000092199,307,521,1442,2659.0,2.8871,5
ENST00000420826.7,ENSG00000188612,96,125,413,570.5,1.9809,4
ENST00000421351.4,ENSG00000112378,194,79,661,449.0,0.7715,4
ENST00000423485.6,ENSG00000131747,1532,105,4701,3513.5,0.7645,1
ENST00000423505.6,ENSG00000131828,429,111,1398,854.0,0.6636,1
ENST00000423516.5,ENSG00000163931,632,80,1976,1910.5,1.0076,2
ENST00000423691.2,ENSG00000070087,189,66,633,293.5,0.5176,4
ENST00000423828.5,ENSG00000139644,296,328,1216,1951.5,2.1976,3
ENST00000424491.5,ENSG00000241962,192,636,1212,404.0,0.7014,3
ENST00000425847.6,ENSG00000114686,376,162,1290,842.0,0.7465,3
ENST00000426559.6,ENSG00000117632,175,140,665,1827.0,3.48,2
ENST00000427805.6,ENSG00000241343,143,112,541,715.5,1.6678,1
ENST00000428459.6,ENSG00000186010,151,9,462,960.0,2.1192,5
ENST00000429182.6,ENSG00000178035,539,76,1693,1175.0,0.7267,1
ENST00000429568.1,ENSG00000163882,176,59,587,361.0,0.6837,4
ENST00000429985.1,ENSG00000228474,38,187,301,81.5,0.7149,1
ENST00000430157.6,ENSG00000221983,129,94,481,1044.5,2.699,1
ENST00000430524.6,ENSG00000099901,279,81,918,1876.5,2.2419,1
ENST00000433834.5,ENSG00000077549,302,385,1291,655.0,0.723,4
ENST00000433866.7,ENSG00000230989,77,99,330,296.5,1.2835,2
ENST00000438213.6,ENSG00000117984,452,68,1424,720.5,0.5313,2
ENST00000438552.6,ENSG00000125835,241,163,886,2366.5,3.2732,5
ENST00000439211.7,ENSG00000228716,188,494,1058,495.5,0.8785,5
ENST00000439602.7,ENSG00000231500,153,45,504,843.0,1.8366,2
ENST00000439747.7,ENSG00000082515,233,16,715,356.0,0.5093,5
ENST00000440692.6,ENSG00000138326,290,39,909,894.0,1.0276,3
ENST00000441173.1,ENSG00000188186,138,35,449,221.5,0.535,1
ENST00000441626.6,ENSG00000169714,180,149,689,1463.0,2.7093,3
ENST00000444053.5,ENSG00000127837,436,92,1400,730.0,0.5581,3
ENST00000445593.6,ENSG00000104341,318,680,1634,1353.0,1.4182,5
ENST00000445755.7,ENSG00000007080,224,45,717,337.5,0.5022,5
ENST00000448187.6,ENSG00000205531,399,64,1261,637.0,0.5322,3
ENST00000448864.6,ENSG00000182899,111,142,475,1833.5,5.506,5
ENST00000449683.5,ENSG00000241468,99,26,323,201.0,0.6768,4
ENST00000450169.7,ENSG00000106355,92,15,291,179.5,0.6504,5
ENST00000451315.7,ENSG00000225921,258,24,798,586.0,0.7571,2
ENST00000453386.7,ENSG00000136527,289,154,1021,975.0,1.1246,5
ENST00000454220.7,ENSG00000105568,630,46,1936,1723.0,0.9116,2
ENST00000454376.7,ENSG00000126457,372,10,1126,1154.0,1.0341,5
ENST00000454893.1,ENSG00000143977,97,62,353,356.0,1.2234,5
ENST00000455217.6,ENSG00000113407,757,122,2393,1684.5,0.7417,5
ENST00000457408.7,ENSG00000158604,228,25,709,440.5,0.644,3
ENST00000458198.3,ENSG00000237190,117,27,378,199.0,0.567,5
ENST00000458578.6,ENSG00000185651,213,3,642,594.5,0.9304,5
ENST00000462430.5,ENSG00000185088,101,199,502,310.0,1.0231,5
ENST00000464506.2,ENSG00000123595,202,276,882,357.0,0.5891,2
ENST00000464845.6,ENSG00000102030,236,133,841,643.0,0.9082,1
ENST00000465139.6,ENSG00000140350,250,144,894,436.5,0.582,5
ENST00000465271.6,ENSG00000143771,140,46,466,523.0,1.2452,4
ENST00000467789.5,ENSG00000114850,199,60,657,448.0,0.7504,3
ENST00000468812.6,ENSG00000196262,166,44,542,425.5,0.8544,4
ENST00000469176.1,ENSG00000145494,173,3,522,294.5,0.5674,1
ENST00000476371.1,ENSG00000120333,129,17,404,217.0,0.5607,5
ENST00000479257.5,ENSG00000128595,324,831,1803,688.5,0.7083,3
ENST00000483273.2,ENSG00000233954,92,1699,1975,426.0,1.5435,1
ENST00000483970.7,ENSG00000143575,288,115,979,544.5,0.6302,5
ENST00000484810.5,ENSG00000138495,99,36,333,152.0,0.5118,1
ENST00000485876.6,ENSG00000170906,85,24,279,321.0,1.2588,1
ENST00000487519.6,ENSG00000108064,247,138,879,433.5,0.585,4
ENST00000488034.6,ENSG00000112514,180,107,647,452.0,0.837,3
ENST00000491306.6,ENSG00000197756,93,31,310,429.0,1.5376,3
ENST00000491660.1,ENSG00000120742,79,364,601,123.5,0.5211,5
ENST00000492112.3,ENSG00000188529,263,72,861,429.0,0.5437,3
ENST00000492758.1,ENSG00000128524,148,1,445,420.0,0.9459,4
ENST00000492933.5,ENSG00000163636,443,53,1382,709.0,0.5335,2
ENST00000493945.6,ENSG00000075624,376,155,1283,12099.0,10.7261,3
ENST00000495461.6,ENSG00000113811,95,71,356,185.0,0.6491,4
ENST00000497317.5,ENSG00000163463,144,30,462,310.0,0.7176,2
ENST00000498124.1,ENSG00000147889,168,39,543,934.0,1.8532,1
ENST00000505490.3,ENSG00000183684,265,6,801,1056.5,1.3289,1
ENST00000507591.2,ENSG00000124795,381,149,1292,1140.5,0.9978,2
ENST00000507606.3,ENSG00000243317,48,66,210,150.5,1.0451,3
ENST00000510038.1,ENSG00000113648,373,132,1251,810.5,0.7243,4
ENST00000512788.1,ENSG00000154277,242,32,758,1719.5,2.3685,4
ENST00000512805.6,ENSG00000204628,318,106,1060,4930.0,5.1677,2
ENST00000517669.1,ENSG00000113732,82,30,276,151.0,0.6138,4
ENST00000518338.6,ENSG00000171530,132,4,400,623.5,1.5745,1
ENST00000519065.6,ENSG00000196591,489,240,1707,1534.5,1.046,5
ENST00000519807.5,ENSG00000008988,143,126,555,300.5,0.7005,2
ENST00000520547.4,ENSG00000253626,155,117,582,3505.5,7.5387,2
ENST00000521158.5,ENSG00000078668,285,68,923,504.0,0.5895,5
ENST00000521264.5,ENSG00000177556,74,110,332,260.0,1.1712,5
ENST00000521604.7,ENSG00000187735,302,323,1229,477.0,0.5265,2
ENST00000521688.6,ENSG00000120533,102,122,428,227.0,0.7418,2
ENST00000522439.1,ENSG00000147669,68,96,300,178.5,0.875,1
ENST00000522944.5,ENSG00000168078,334,393,1395,613.5,0.6123,1
ENST00000523111.7,ENSG00000169139,146,24,462,280.0,0.6393,4
ENST00000523376.5,ENSG00000175868,139,1262,1679,293.5,0.7038,2
ENST00000523920.1,ENSG00000156467,162,16,502,362.5,0.7459,2
ENST00000525428.6,ENSG00000074201,238,80,794,462.5,0.6478,2
ENST00000525634.6,ENSG00000110700,152,26,482,1391.0,3.0504,1
ENST00000527548.5,ENSG00000149806,134,86,488,1302.0,3.2388,4
ENST00000527673.2,ENSG00000118181,126,59,437,879.5,2.3267,4
ENST00000527958.6,ENSG00000168092,230,139,829,440.5,0.6384,4
ENST00000530028.3,ENSG00000255302,188,43,607,440.5,0.781,1
ENST00000530167.2,ENSG00000188486,144,71,503,1726.5,3.9965,3
ENST00000530758.2,ENSG00000254999,76,27,255,155.5,0.682,2
ENST00000531120.6,ENSG00000149100,375,57,1182,852.0,0.7573,5
ENST00000531572.2,ENSG00000175390,360,16,1096,573.0,0.5306,1
ENST00000532642.5,ENSG00000117410,262,97,883,487.0,0.6196,4
ENST00000532699.1,ENSG00000255292,141,5,428,259.0,0.6123,2
ENST00000533417.6,ENSG00000110651,304,9,921,1524.0,1.6711,4
ENST00000534769.5,ENSG00000172757,205,48,663,2149.0,3.4943,3
ENST00000535715.5,ENSG00000167770,287,452,1313,444.5,0.5163,2
ENST00000535923.6,ENSG00000215021,300,121,1021,1196.0,1.3289,5
ENST00000536128.5,ENSG00000092841,239,40,757,1011.5,1.4107,4
ENST00000536889.1,ENSG00000133134,161,358,841,418.5,0.8665,2
ENST00000537328.6,ENSG00000134825,80,41,281,256.0,1.0667,3
ENST00000538173.2,ENSG00000180574,473,13,1432,1206.0,0.8499,1
ENST00000539745.2,ENSG00000197837,104,47,359,891.5,2.8574,2
ENST00000539945.7,ENSG00000014641,354,81,1143,1443.0,1.3588,2
ENST00000541231.1,ENSG00000150779,99,30,327,227.0,0.7643,5
ENST00000541364.5,ENSG00000167553,520,28,1588,3403.5,2.1817,1
ENST00000541455.1,ENSG00000181924,97,394,685,149.0,0.512,1
ENST00000541515.3,ENSG00000269955,459,25,1402,703.0,0.5105,3
ENST00000541790.4,ENSG00000273802,127,45,426,3704.5,9.7231,2
ENST00000542575.6,ENSG00000105281,542,629,2255,1619.0,0.9957,3
ENST00000544844.6,ENSG00000173113,126,33,411,480.0,1.2698,5
ENST00000545683.1,ENSG00000203814,135,50,455,333.0,0.8222,3
ENST00000545908.6,ENSG00000100714,965,397,3292,1541.0,0.5323,5
ENST00000546588.1,ENSG00000111237,215,100,745,398.5,0.6178,4
ENST00000546954.2,ENSG00000170855,77,12,243,122.5,0.5303,5
ENST00000547098.5,ENSG00000198015,156,134,602,317.5,0.6784,5
ENST00000547517.5,ENSG00000108774,250,301,1051,481.0,0.6413,4
ENST00000548577.5,ENSG00000219200,138,150,564,421.5,1.0181,4
ENST00000549759.2,ENSG00000123349,157,62,533,282.0,0.5987,1
ENST00000549920.6,ENSG00000063177,189,35,602,860.5,1.5176,4
ENST00000552080.1,ENSG00000205323,214,8,650,351.5,0.5475,4
ENST00000552085.1,ENSG00000139343,128,105,489,342.5,0.8919,1
ENST00000552218.5,ENSG00000111481,199,33,630,384.0,0.6432,4
ENST00000553591.2,ENSG00000198805,329,107,1094,515.0,0.5218,4
ENST00000553809.5,ENSG00000100902,253,79,838,758.5,0.9993,3
ENST00000554075.2,ENSG00000213741,88,30,294,326.5,1.2367,5
ENST00000554713.2,ENSG00000156411,100,51,351,250.0,0.8333,5
ENST00000555531.1,ENSG00000256206,165,45,540,586.5,1.1848,3
ENST00000555572.1,ENSG00000011052,293,176,1055,2261.5,2.5728,3
ENST00000555938.1,ENSG00000258674,274,12,834,958.5,1.1661,5
ENST00000557016.6,ENSG00000100632,105,66,381,1309.5,4.1571,1
ENST00000557395.5,ENSG00000255339,173,30,549,688.0,1.3256,2
ENST00000557431.5,ENSG00000119705,125,9,384,462.5,1.2333,3
ENST00000557690.5,ENSG00000100528,161,64,547,281.5,0.5828,1
ENST00000558008.3,ENSG00000166803,116,67,415,347.5,0.9986,2
ENST00000558134.5,ENSG00000140612,186,14,572,319.0,0.5717,3
ENST00000559596.6,ENSG00000137804,442,77,1403,729.0,0.5498,4
ENST00000559780.6,ENSG00000182718,368,374,1478,630.5,0.5711,2
ENST00000559916.1,ENSG00000166710,120,34,394,708.5,1.9681,1
ENST00000560055.5,ENSG00000108107,171,38,551,301.0,0.5867,2
ENST00000560595.6,ENSG00000140374,407,81,1302,1174.5,0.9619,2
ENST00000561157.5,ENSG00000182774,137,31,442,798.5,1.9428,4
ENST00000561971.1,ENSG00000128989,132,278,674,220.0,0.5556,1
ENST00000562684.5,ENSG00000206053,219,36,693,482.5,0.7344,2
ENST00000562833.2,ENSG00000260836,585,244,1999,1313.0,0.7481,3
ENST00000564206.2,ENSG00000133124,1258,65,3839,5036.0,1.3344,2
ENST00000565154.6,ENSG00000067225,606,126,1944,4994.5,2.7472,2
ENST00000565299.5,ENSG00000074696,401,142,1345,865.5,0.7195,2
ENST00000565361.3,ENSG00000090861,1000,158,3158,1712.0,0.5707,3
ENST00000568685.1,ENSG00000089280,528,64,1648,2791.5,1.7623,4
ENST00000568783.5,ENSG00000178741,154,69,531,871.0,1.8853,1
ENST00000570382.2,ENSG00000184009,376,210,1338,7106.0,6.2996,3
ENST00000571133.6,ENSG00000171490,491,30,1503,924.0,0.6273,4
ENST00000572815.5,ENSG00000132507,187,192,753,4345.0,7.7451,2
ENST00000573331.5,ENSG00000262481,69,13,220,135.5,0.6546,3
ENST00000578186.3,ENSG00000270882,104,28,340,16807.0,53.8686,2
ENST00000578794.2,ENSG00000266086,202,109,715,484.5,0.7995,4
ENST00000579248.5,ENSG00000265681,185,200,755,1114.0,2.0072,1
ENST00000579512.3,ENSG00000270276,104,28,340,16807.0,53.8686,3
ENST00000580887.5,ENSG00000101608,178,48,582,303.0,0.5674,5
ENST00000581066.2,ENSG00000266472,88,447,711,517.5,1.9602,5
ENST00000582471.1,ENSG00000263809,108,51,375,1060.0,3.2716,1
ENST00000582556.5,ENSG00000161970,146,310,748,1576.0,3.5982,3
ENST00000583313.7,ENSG00000265241,175,58,583,498.5,0.9495,3
ENST00000583931.6,ENSG00000143401,269,326,1133,794.0,0.9839,5
ENST00000584461.5,ENSG00000141522,236,59,767,772.0,1.0904,3
ENST00000584773.5,ENSG00000136450,254,124,886,845.0,1.1089,2
ENST00000584895.5,ENSG00000215472,229,15,702,1107.0,1.6114,2
ENST00000585671.2,ENSG00000127540,57,64,235,439.0,2.5673,1
ENST00000585809.6,ENSG00000065268,433,9,1308,650.5,0.5008,1
ENST00000585937.1,ENSG00000267059,57,36,207,439.0,2.5673,2
ENST00000586746.5,ENSG00000099817,211,39,672,638.5,1.0087,3
ENST00000587718.5,ENSG00000126247,323,65,1034,1084.5,1.1192,5
ENST00000587950.5,ENSG00000174917,141,103,526,259.0,0.6123,1
ENST00000588234.6,ENSG00000104979,100,22,322,284.0,0.9467,1
ENST00000588657.6,ENSG00000129351,899,232,2929,2234.5,0.8285,5
ENST00000588734.5,ENSG00000167900,268,239,1043,503.5,0.6262,1
ENST00000591613.2,ENSG00000188223,56,119,287,114.5,0.6815,4
ENST00000591776.5,ENSG00000173812,122,152,518,2246.5,6.138,4
ENST00000592540.6,ENSG00000161888,198,6,600,349.5,0.5884,4
ENST00000592741.5,ENSG00000130175,536,153,1761,1362.0,0.847,1
ENST00000593052.5,ENSG00000115268,153,138,597,1845.5,4.0207,2
ENST00000593829.6,ENSG00000130520,140,56,476,855.5,2.0369,3
ENST00000593863.5,ENSG00000105372,146,49,487,2090.0,4.7717,5
ENST00000594797.6,ENSG00000229833,74,41,263,233.5,1.0518,5
ENST00000595090.6,ENSG00000183207,464,25,1417,1234.0,0.8865,2
ENST00000596731.7,ENSG00000105583,107,12,333,408.0,1.271,4
ENST00000597960.7,ENSG00000105701,414,121,1363,689.5,0.5552,1
ENST00000598441.6,ENSG00000104852,438,196,1510,749.5,0.5704,2
ENST00000598495.5,ENSG00000083845,226,72,750,1250.0,1.8437,3
ENST00000598884.1,ENSG00000167774,114,21,363,572.0,1.6725,1
ENST00000599962.2,ENSG00000234289,127,57,438,4511.0,11.8399,5
ENST00000600480.2,ENSG00000088247,748,110,2354,2417.0,1.0771,4
ENST00000600659.3,ENSG00000233927,70,35,245,623.5,2.969,1
ENST00000600932.5,ENSG00000105669,332,32,1028,978.5,0.9824,5
ENST00000601498.5,ENSG00000042753,159,132,609,543.0,1.1384,2
ENST00000602676.6,ENSG00000104904,229,79,766,1411.0,2.0539,3
ENST00000604458.1,ENSG00000270757,262,24,810,851.0,1.0827,5
ENST00000605844.6,ENSG00000270647,593,86,1865,1636.5,0.9199,4
ENST00000606613.1,ENSG00000233822,167,61,562,1990.0,3.9721,5
ENST00000607355.3,ENSG00000288859,131,53,446,254.5,0.6476,4
ENST00000607357.2,ENSG00000172428,58,21,195,89.5,0.5144,5
ENST00000607484.6,ENSG00000137288,127,14,395,247.0,0.6483,2
ENST00000607778.2,ENSG00000272047,72,80,296,176.0,0.8148,5
ENST00000610354.5,ENSG00000010278,256,173,941,397.0,0.5169,3
ENST00000610726.5,ENSG00000009307,845,486,3021,1451.0,0.5724,5
ENST00000611444.2,ENSG00000275663,99,19,316,537.5,1.8098,3
ENST00000611854.4,ENSG00000176731,101,203,506,294.0,0.9703,2
ENST00000611927.2,ENSG00000273542,104,33,345,13053.5,41.8381,3
ENST00000612612.5,ENSG00000259112,135,29,434,559.0,1.3802,1
ENST00000612661.2,ENSG00000277443,333,401,1400,1411.5,1.4129,5
ENST00000612966.3,ENSG00000287080,137,27,438,671.0,1.6326,1
ENST00000613174.2,ENSG00000276903,131,38,431,2728.5,6.9427,3
ENST00000613854.2,ENSG00000275714,137,39,450,1571.0,3.8224,3
ENST00000614097.3,ENSG00000274290,127,35,416,2047.0,5.3727,5
ENST00000614247.2,ENSG00000277157,104,36,348,2714.0,8.6987,1
ENST00000614328.4,ENSG00000110958,165,446,941,928.5,1.8758,4
ENST00000615164.3,ENSG00000276966,104,35,347,3438.5,11.0208,5
ENST00000615353.2,ENSG00000276180,104,27,339,1479.0,4.7404,4
ENST00000615868.2,ENSG00000278463,131,50,443,1325.0,3.3715,4
ENST00000615966.2,ENSG00000276410,127,56,437,335.0,0.8793,2
ENST00000616182.2,ENSG00000274641,127,38,419,3363.0,8.8268,1
ENST00000616365.2,ENSG00000275379,137,31,442,455.5,1.1083,4
ENST00000616552.4,ENSG00000112118,854,72,2634,2773.5,1.0826,5
ENST00000616972.4,ENSG00000168385,397,168,1359,1406.5,1.1809,5
ENST00000617122.1,ENSG00000183648,106,32,350,269.5,0.8475,5
ENST00000617569.2,ENSG00000278637,104,30,342,1253.5,4.0176,1
ENST00000617763.1,ENSG00000184983,155,62,527,406.5,0.8742,2
ENST00000617804.1,ENSG00000274322,117,98,449,214.0,0.6097,2
ENST00000618052.2,ENSG00000277775,137,30,441,2358.0,5.7372,5
ENST00000618305.2,ENSG00000275126,104,24,336,306.5,0.9824,1
ENST00000618958.2,ENSG00000275221,131,36,429,1301.0,3.3104,2
ENST00000619426.5,ENSG00000277791,206,86,704,947.5,1.5332,5
ENST00000619466.3,ENSG00000275713,127,37,418,330.5,0.8675,2
ENST00000620438.2,ENSG00000196890,127,27,408,410.5,1.0774,2
ENST00000620565.4,ENSG00000276043,858,44,2618,1495.5,0.581,1
ENST00000621112.2,ENSG00000273703,127,22,403,637.0,1.6719,2
ENST00000621411.3,ENSG00000286522,137,39,450,11977.0,29.1411,1
ENST00000621592.8,ENSG00000136997,455,363,1728,772.5,0.5659,5
ENST00000621615.1,ENSG00000273734,131,74,467,1013.5,2.5789,4
ENST00000625837.2,ENSG00000215301,734,905,3107,1622.5,0.7368,1
ENST00000627305.2,ENSG00000155368,149,84,531,329.5,0.7371,2
ENST00000634017.1,ENSG00000180957,274,72,894,463.0,0.5633,4
ENST00000634318.1,ENSG00000259316,117,49,400,347.5,0.99,2
ENST00000635200.1,ENSG00000282988,170,50,560,3123.5,6.1245,1
ENST00000635647.1,ENSG00000011304,589,423,2190,2044.0,1.1568,4
ENST00000635918.2,ENSG00000236444,155,963,1428,253.5,0.5452,2
ENST00000640218.2,ENSG00000153187,826,236,2714,5126.5,2.0688,1
ENST00000641023.2,ENSG00000092621,534,89,1691,3864.0,2.412,3
ENST00000642379.1,ENSG00000135821,508,139,1663,1546.5,1.0148,5
ENST00000642816.3,ENSG00000149925,419,181,1438,5038.0,4.008,3
ENST00000643754.2,ENSG00000142676,179,18,555,2433.0,4.5307,1
ENST00000643795.2,ENSG00000147224,322,201,1167,590.0,0.6108,1
ENST00000645276.1,ENSG00000168036,784,214,2566,2468.5,1.0495,4
ENST00000646651.1,ENSG00000077152,198,106,700,707.0,1.1902,2
ENST00000647557.2,ENSG00000104824,627,20,1901,2630.5,1.3985,3
ENST00000647795.1,ENSG00000141543,412,152,1388,1035.0,0.8374,5
ENST00000647800.2,ENSG00000136156,267,155,956,697.0,0.8702,2
ENST00000647960.1,ENSG00000285854,282,54,900,5505.0,6.5071,5
ENST00000648350.1,ENSG00000100138,273,13,832,781.5,0.9542,5
ENST00000648640.1,ENSG00000162244,168,179,683,1060.5,2.1042,4
ENST00000649838.1,ENSG00000104738,905,131,2846,1995.0,0.7348,3
ENST00000650309.2,ENSG00000131174,81,86,329,585.0,2.4074,4
ENST00000651435.1,ENSG00000105254,283,55,904,456.0,0.5371,5
ENST00000651669.1,ENSG00000177954,85,35,290,485.5,1.9039,2
ENST00000652248.1,ENSG00000286070,127,83,464,1343.0,3.5249,4
ENST00000661438.1,ENSG00000285920,442,892,2218,729.0,0.5498,1
ENST00000664196.1,ENSG00000102309,157,35,506,492.0,1.0446,4
ENST00000672354.1,ENSG00000075239,435,35,1340,1141.5,0.8747,2
ENST00000672715.1,ENSG00000004455,240,55,775,931.0,1.2931,2
ENST00000673047.2,ENSG00000111716,342,98,1124,6976.0,6.7992,5
ENST00000673498.1,ENSG00000135390,158,536,1010,1091.0,2.3017,5
ENST00000675651.1,ENSG00000106105,746,44,2282,1908.5,0.8528,3
ENST00000675692.1,ENSG00000114354,413,336,1575,790.0,0.6376,1
ENST00000675864.1,ENSG00000075785,218,232,886,742.5,1.1353,3
ENST00000675880.1,ENSG00000118971,304,279,1191,524.5,0.5751,3
ENST00000676589.1,ENSG00000181163,324,118,1090,1948.0,2.0041,2
ENST00000676826.2,ENSG00000087460,1039,552,3669,4245.0,1.3619,3
ENST00000677453.1,ENSG00000158864,485,116,1571,753.0,0.5175,2
ENST00000677533.1,ENSG00000088832,130,166,556,392.5,1.0064,1
ENST00000677581.1,ENSG00000256646,157,213,684,664.0,1.4098,1
ENST00000677730.1,ENSG00000137876,175,68,593,357.0,0.68,5
ENST00000678063.1,ENSG00000084623,439,35,1352,1172.5,0.8903,1
ENST00000678573.1,ENSG00000108298,217,641,1292,1290.0,1.9816,1
ENST00000678646.1,ENSG00000145907,477,132,1563,1504.0,1.051,4
ENST00000678830.1,ENSG00000147140,502,178,1684,3121.0,2.0724,5
ENST00000679328.1,ENSG00000170144,397,27,1218,2166.5,1.8191,1
ENST00000680984.1,ENSG00000127022,627,171,2052,2511.5,1.3352,2
ENST00000681020.1,ENSG00000185624,558,51,1725,1102.0,0.6583,5
ENST00000681861.1,ENSG00000166598,815,184,2629,3618.5,1.48,2
ENST00000682083.1,ENSG00000271793,563,194,1883,1249.5,0.7398,5
ENST00000684824.1,ENSG00000165732,809,66,2493,1364.5,0.5622,4
ENST00000687244.1,ENSG00000147123,164,787,1279,881.5,1.7917,3
ENST00000689346.1,ENSG00000166165,406,77,1295,7160.5,5.8789,4
ENST00000692876.1,ENSG00000114023,161,139,622,433.5,0.8975,4
ENST00000695855.1,ENSG00000289694,192,281,857,1030.5,1.7891,3
ENST00000696161.1,ENSG00000051523,255,65,830,805.5,1.0529,2
ENST00000696553.1,ENSG00000116560,729,334,2521,2368.0,1.0828,4
ENST00000697718.1,ENSG00000132963,148,36,480,334.5,0.7534,3
ENST00000699273.1,ENSG00000058262,486,169,1627,855.5,0.5868,5
ENST00000699935.1,ENSG00000182117,73,346,565,229.0,1.0457,2
ENST00000700293.1,ENSG00000099341,354,39,1101,989.5,0.9317,2
ENST00000700714.2,ENSG00000141367,1722,237,5403,3169.0,0.6134,4
ENST00000703174.1,ENSG00000213639,369,96,1203,786.0,0.71,1
ENST00000703354.1,ENSG00000113575,318,182,1136,1062.5,1.1137,3
ENST00000704002.1,ENSG00000136238,226,197,875,816.0,1.2035,4
ENST00000704381.1,ENSG00000290318,164,234,726,1014.0,2.061,3
ENST00000704995.1,ENSG00000184897,265,231,1026,1068.5,1.344,1
ENST00000705448.1,ENSG00000118705,655,938,2903,1599.5,0.814,1
ENST00000706600.1,ENSG00000005893,455,128,1493,791.5,0.5799,5
ENST00000706947.1,ENSG00000291313,98,339,633,197.0,0.6701,2
ENST00000706949.1,ENSG00000101210,513,97,1636,1510.5,0.9815,1
ENST00000710272.1,ENSG00000143321,326,37,1015,616.0,0.6299,4
ENST00000710273.1,ENSG00000177606,354,911,1973,1268.0,1.194,5
ENST00000710358.1,ENSG00000159335,176,343,871,516.0,0.9773,5
ENST00000710369.1,ENSG00000160679,269,235,1042,540.0,0.6691,5
ENST00000710383.1,ENSG00000135316,679,42,2079,1298.5,0.6375,2
ENST00000711158.1,,185,48,603,534.5,0.9631,
ENST00000711159.1,,161,51,534,432.0,0.8944,
ENST00000711160.1,,186,66,624,552.0,0.9892,
ENST00000711163.1,,178,81,615,432.0,0.809,
ENST00000711164.1,,170,85,595,502.0,0.9843,
ENST00000711165.1,,161,174,657,432.0,0.8944,
ENST00000711214.1,,299,104,1001,785.5,0.8757,
ENST00000711312.1,ENSG00000103275,211,339,972,382.5,0.6043,1
ENST00000714034.1,ENSG00000117118,296,132,1020,704.5,0.7934,5
ENST00000714063.1,ENSG00000143252,180,25,565,524.5,0.9713,1
ENST00000714408.1,ENSG00000141510,412,142,1378,633.0,0.5121,2
